Trans. ,Bag,Blush,Nail Polish,Brushes,Concealer,Eyebrow Pencils,Bronzer,Lip liner,Mascara,Eye shadow,Foundation,Lip Gloss,Lipstick,Eyeliner
1,no,yes,yes,yes,yes,no,yes,yes,yes,no,no,no,no,yes
2,no,no,yes,no,yes,no,yes,yes,no,no,yes,yes,no,no
3,no,yes,no,no,yes,yes,yes,yes,yes,yes,yes,yes,yes,no
4,no,no,yes,yes,yes,no,yes,no,no,no,yes,no,no,yes
5,no,yes,no,no,yes,no,yes,yes,yes,yes,no,yes,yes,no
6,no,no,no,no,yes,no,no,no,no,no,no,no,no,yes
7,no,yes,yes,yes,yes,no,yes,yes,yes,yes,yes,yes,no,no
8,no,no,yes,yes,no,no,yes,no,yes,yes,no,yes,no,no
9,no,no,no,no,yes,no,no,no,no,no,yes,no,yes,no
10,yes,yes,yes,yes,no,no,no,no,yes,yes,no,no,no,no
11,no,no,yes,no,no,no,yes,no,no,no,no,yes,yes,yes
12,no,no,yes,yes,yes,no,yes,no,yes,yes,yes,no,no,no
13,no,yes,no,no,yes,no,no,yes,yes,yes,no,yes,no,no
14,no,yes,yes,yes,yes,no,yes,yes,yes,yes,yes,yes,yes,no
15,no,yes,no,no,yes,no,yes,yes,yes,yes,yes,yes,yes,yes
16,no,no,yes,yes,yes,no,yes,yes,yes,yes,yes,yes,yes,yes
17,yes,yes,yes,yes,yes,no,yes,yes,yes,yes,no,no,no,yes
18,no,no,no,no,yes,no,no,no,no,no,yes,yes,yes,yes
19,no,yes,yes,no,yes,yes,no,no,yes,yes,no,no,yes,no
20,no,yes,no,no,yes,no,yes,no,yes,no,yes,no,yes,yes
21,no,yes,no,no,yes,yes,yes,yes,yes,yes,yes,yes,yes,yes
22,no,no,no,no,no,no,no,no,no,no,yes,yes,yes,no
23,no,yes,no,no,yes,no,yes,yes,no,no,no,no,no,no
24,no,no,no,no,no,no,yes,no,yes,yes,yes,no,yes,no
25,no,yes,no,no,no,no,yes,yes,no,no,no,no,yes,yes
26,no,no,no,no,no,no,yes,no,no,no,no,yes,yes,no
27,no,no,yes,no,yes,no,no,no,yes,no,yes,yes,yes,yes
28,yes,yes,yes,yes,yes,no,yes,yes,yes,yes,yes,yes,yes,yes
29,no,no,yes,yes,no,no,yes,yes,no,yes,no,no,yes,no
30,no,yes,yes,yes,yes,no,yes,no,yes,yes,yes,no,yes,yes
31,no,yes,no,no,no,no,yes,no,yes,yes,no,yes,no,yes
32,no,no,yes,yes,yes,no,yes,yes,yes,yes,yes,yes,no,yes
33,no,yes,yes,yes,yes,no,yes,yes,yes,yes,no,yes,no,yes
34,no,yes,no,no,no,no,yes,no,no,no,yes,no,yes,no
35,no,yes,no,no,yes,no,yes,no,yes,yes,no,yes,no,yes
36,no,yes,no,no,no,no,yes,no,yes,yes,yes,no,no,yes
37,no,no,yes,yes,yes,no,no,no,yes,yes,no,no,yes,yes
38,no,no,no,no,no,no,no,no,no,no,no,no,yes,no
39,yes,yes,yes,yes,yes,no,yes,yes,no,no,yes,yes,yes,yes
40,no,no,no,no,no,no,yes,no,no,no,no,yes,no,yes
41,no,no,yes,no,no,no,no,yes,no,no,no,yes,no,no
42,no,no,yes,yes,yes,no,yes,no,yes,yes,no,yes,no,yes
43,no,yes,yes,no,yes,no,yes,yes,yes,yes,yes,yes,yes,yes
44,no,yes,yes,yes,yes,no,yes,no,yes,yes,yes,no,yes,yes
45,no,yes,no,no,yes,no,yes,no,yes,yes,yes,no,no,yes
46,no,yes,no,no,yes,no,yes,no,yes,yes,yes,yes,no,yes
47,no,yes,yes,no,no,no,yes,no,yes,yes,no,yes,no,yes
48,no,yes,yes,yes,yes,no,yes,yes,no,no,no,no,no,yes
49,yes,no,yes,no,yes,no,yes,no,yes,no,yes,no,yes,yes
50,yes,yes,yes,yes,yes,no,yes,yes,yes,yes,no,yes,no,yes
51,no,no,no,no,no,no,no,no,no,no,yes,yes,no,no
52,no,no,no,no,yes,no,no,no,yes,yes,yes,yes,no,yes
53,no,no,no,no,yes,no,yes,yes,no,no,yes,yes,yes,yes
54,no,yes,yes,yes,yes,no,yes,yes,yes,yes,no,yes,no,no
55,no,no,no,no,yes,no,yes,yes,yes,yes,no,no,no,yes
56,no,no,yes,yes,yes,no,yes,yes,yes,yes,no,no,yes,yes
57,no,yes,yes,yes,yes,yes,yes,no,no,no,no,yes,no,no
58,no,yes,yes,yes,yes,no,yes,yes,yes,yes,yes,yes,no,yes
59,no,yes,yes,yes,yes,no,yes,no,no,no,yes,yes,no,no
60,no,no,no,no,no,yes,yes,no,no,no,no,yes,yes,no
61,no,no,no,no,yes,no,no,yes,yes,yes,yes,no,no,no
62,no,yes,no,no,yes,no,no,no,no,no,yes,yes,no,yes
63,no,no,yes,no,no,no,no,no,no,no,yes,yes,no,no
64,no,yes,yes,yes,yes,no,yes,yes,yes,no,no,no,no,yes
65,no,yes,yes,yes,no,no,yes,yes,yes,yes,yes,yes,no,no
66,no,no,no,no,no,no,yes,no,yes,yes,no,yes,yes,no
67,yes,no,no,no,no,no,no,no,no,no,yes,yes,no,yes
68,yes,no,yes,yes,no,no,no,yes,yes,yes,no,yes,no,yes
69,no,no,no,no,yes,no,no,no,yes,yes,no,no,yes,no
70,no,yes,no,no,yes,no,yes,yes,yes,yes,yes,yes,no,yes
71,no,no,yes,yes,yes,no,no,no,no,no,yes,yes,no,no
72,no,no,yes,yes,yes,no,no,no,no,no,no,no,no,yes
73,no,no,yes,yes,yes,no,yes,yes,yes,yes,yes,yes,no,yes
74,no,yes,yes,yes,yes,no,yes,no,yes,yes,yes,no,yes,no
75,no,no,no,no,yes,no,yes,yes,yes,yes,no,yes,no,yes
76,no,no,no,no,no,no,yes,no,no,no,no,yes,yes,yes
77,no,no,no,no,yes,no,no,no,no,no,yes,yes,yes,yes
78,no,yes,yes,yes,yes,no,yes,yes,no,no,no,no,no,yes
79,no,no,no,no,no,no,no,no,yes,yes,yes,yes,no,no
80,no,yes,yes,yes,yes,yes,yes,yes,yes,yes,yes,yes,yes,no
81,no,no,yes,yes,yes,no,yes,yes,no,yes,no,no,yes,yes
82,no,yes,no,no,yes,no,yes,no,yes,yes,yes,yes,no,yes
83,no,no,no,no,yes,no,no,no,no,no,yes,yes,yes,yes
84,yes,no,no,no,yes,no,no,no,yes,yes,yes,yes,no,no
85,yes,no,yes,yes,yes,no,no,no,yes,no,yes,yes,no,no
86,no,yes,no,no,yes,no,no,no,no,no,yes,yes,no,yes
87,no,yes,yes,no,no,no,no,no,no,no,no,no,no,no
88,no,no,no,no,yes,no,no,no,yes,yes,no,no,no,no
89,no,yes,yes,yes,yes,no,yes,yes,no,no,no,no,no,yes
90,no,no,yes,yes,yes,no,yes,no,no,no,no,yes,no,yes
91,no,yes,yes,no,yes,no,no,yes,yes,yes,no,yes,no,yes
92,no,yes,no,no,yes,no,no,no,no,no,yes,yes,no,yes
93,no,yes,no,no,no,no,no,no,no,yes,yes,yes,no,yes
94,no,no,yes,yes,yes,no,yes,yes,no,no,no,no,no,yes
95,no,no,no,no,no,no,no,yes,no,no,no,yes,no,yes
96,no,yes,no,no,yes,no,no,yes,yes,yes,no,no,yes,no
97,no,yes,no,no,yes,no,no,no,yes,yes,yes,yes,no,yes
98,no,yes,yes,yes,yes,no,yes,no,yes,yes,yes,yes,no,yes
99,no,yes,no,no,no,no,yes,no,no,no,yes,no,no,no
100,no,yes,yes,yes,yes,no,yes,yes,no,no,no,yes,no,no
101,no,yes,no,no,no,no,yes,no,no,no,yes,no,no,no
102,no,no,no,no,no,no,yes,no,yes,yes,yes,yes,no,no
103,no,yes,yes,yes,yes,no,yes,yes,yes,yes,no,no,no,no
104,no,yes,no,no,yes,no,yes,no,yes,yes,yes,no,no,yes
105,no,yes,yes,yes,yes,no,yes,no,yes,yes,no,yes,no,yes
106,no,yes,no,no,no,no,yes,no,no,no,no,yes,no,yes
107,no,no,yes,yes,no,no,no,no,yes,yes,yes,yes,yes,no
108,no,no,no,no,yes,no,yes,yes,no,no,no,yes,no,no
109,no,no,yes,no,no,no,no,no,yes,no,yes,yes,yes,no
110,yes,yes,yes,yes,yes,no,yes,yes,yes,yes,yes,yes,no,yes
111,no,no,no,no,no,no,no,no,no,no,yes,yes,no,no
112,no,no,no,no,yes,no,no,no,no,no,yes,yes,yes,no
113,no,no,no,no,yes,no,no,no,no,no,no,no,yes,yes
114,no,yes,no,no,yes,no,no,no,no,no,yes,no,no,yes
115,no,yes,no,no,no,no,no,no,no,no,no,no,no,no
116,yes,yes,yes,no,yes,no,yes,no,yes,yes,no,yes,no,yes
117,no,no,yes,yes,no,yes,yes,no,no,no,yes,yes,no,no
118,no,no,no,no,yes,no,no,no,no,yes,yes,yes,no,no
119,no,yes,no,no,yes,no,yes,yes,no,no,yes,yes,yes,yes
120,no,yes,yes,yes,yes,no,yes,yes,no,no,no,yes,no,yes
121,no,yes,no,no,no,no,yes,no,yes,yes,no,yes,no,no
122,yes,no,no,no,yes,no,no,no,yes,yes,yes,yes,yes,yes
123,yes,no,yes,yes,no,no,yes,no,no,no,yes,no,no,no
124,yes,no,no,no,yes,no,no,no,yes,no,yes,yes,yes,yes
125,no,no,yes,no,yes,no,no,no,no,no,yes,no,yes,no
126,no,yes,no,no,yes,no,no,yes,yes,yes,no,yes,yes,yes
127,no,no,yes,no,yes,no,no,no,no,no,no,no,no,yes
128,no,no,yes,yes,no,yes,no,no,yes,yes,no,no,no,yes
129,no,yes,no,no,yes,no,no,no,no,no,no,no,no,yes
130,no,yes,yes,yes,yes,no,no,yes,no,no,yes,no,no,no
131,no,yes,yes,no,yes,yes,yes,no,no,no,yes,no,yes,yes
132,yes,yes,no,no,yes,no,yes,no,yes,yes,no,yes,no,no
133,no,no,yes,yes,no,no,yes,no,no,no,no,yes,yes,no
134,no,yes,yes,yes,yes,no,yes,yes,yes,yes,no,no,yes,yes
135,no,no,no,no,no,no,no,no,yes,yes,yes,yes,no,no
136,no,yes,no,no,no,no,yes,no,yes,yes,yes,no,yes,no
137,no,no,no,no,no,no,no,no,no,yes,yes,yes,no,no
138,yes,yes,no,no,yes,no,yes,yes,no,no,no,no,no,no
139,no,no,no,no,no,no,no,no,no,no,no,no,yes,yes
140,no,yes,no,no,yes,no,no,yes,no,no,yes,no,no,yes
141,no,no,no,no,no,no,yes,no,no,no,no,yes,no,yes
142,no,yes,yes,no,no,no,no,no,yes,yes,no,no,no,no
143,no,no,no,no,no,no,yes,no,no,yes,yes,no,no,no
144,no,yes,yes,no,yes,no,yes,yes,yes,yes,yes,yes,yes,no
145,no,no,no,no,no,no,no,no,no,no,no,no,yes,yes
146,no,no,no,no,yes,no,yes,yes,no,no,yes,yes,no,yes
147,no,yes,yes,yes,yes,yes,yes,yes,yes,yes,no,no,yes,yes
148,no,no,yes,yes,yes,no,yes,yes,yes,no,no,no,no,yes
149,no,yes,no,no,no,no,no,no,yes,no,yes,yes,no,no
150,no,yes,no,no,yes,no,no,yes,yes,yes,yes,no,no,yes
151,no,no,yes,no,yes,no,no,no,no,yes,yes,yes,no,yes
152,yes,yes,no,no,yes,no,yes,yes,yes,yes,yes,yes,no,yes
153,no,yes,no,no,yes,no,yes,yes,no,no,no,yes,yes,yes
154,no,yes,no,no,yes,no,yes,yes,yes,yes,no,no,no,no
155,no,no,no,no,no,no,yes,yes,no,no,no,yes,yes,no
156,no,no,no,no,no,no,no,no,no,no,no,no,no,no
157,no,no,no,no,yes,no,no,no,no,no,yes,yes,no,no
158,yes,yes,no,no,yes,no,no,yes,no,no,no,yes,no,yes
159,no,yes,yes,yes,yes,no,yes,yes,yes,yes,yes,yes,no,yes
160,no,no,yes,no,yes,no,no,yes,no,no,no,no,yes,yes
161,no,no,yes,yes,no,no,yes,no,no,no,yes,no,yes,no
162,no,yes,no,no,yes,no,yes,yes,yes,yes,yes,yes,no,no
163,no,no,yes,yes,no,no,yes,no,no,no,yes,no,yes,no
164,no,no,no,no,no,no,no,no,yes,yes,yes,yes,no,no
165,no,yes,no,no,no,yes,no,no,no,no,yes,no,no,no
166,no,no,yes,yes,yes,no,yes,yes,no,no,no,no,yes,yes
167,no,yes,no,no,yes,no,no,yes,yes,yes,no,no,yes,yes
168,no,no,no,no,no,no,no,no,no,no,no,no,yes,yes
169,no,no,no,no,yes,no,no,no,no,no,yes,yes,no,yes
170,no,no,no,no,no,no,yes,no,yes,no,yes,no,yes,no
171,no,no,no,no,yes,no,yes,no,yes,yes,yes,no,no,yes
172,no,no,no,no,yes,no,yes,no,yes,yes,no,yes,yes,yes
173,no,yes,no,no,no,no,no,yes,no,no,yes,no,no,no
174,no,no,yes,yes,no,no,yes,no,no,no,yes,yes,yes,no
175,no,yes,yes,no,yes,no,yes,yes,no,no,yes,yes,no,yes
176,no,no,no,no,yes,no,yes,yes,yes,yes,no,no,yes,no
177,no,yes,yes,yes,yes,no,yes,no,yes,yes,yes,no,no,yes
178,no,no,no,no,no,no,no,no,yes,yes,yes,yes,no,no
179,no,no,yes,yes,yes,no,no,no,no,no,yes,yes,no,yes
180,no,no,no,no,yes,no,no,yes,no,no,yes,no,no,yes
181,no,yes,no,no,yes,yes,yes,no,no,yes,yes,no,no,yes
182,no,yes,no,no,yes,no,yes,no,no,no,yes,no,no,yes
183,no,no,no,no,yes,no,no,no,no,yes,yes,yes,no,no
184,no,no,yes,yes,no,no,yes,no,yes,yes,no,yes,no,no
185,no,yes,yes,yes,yes,no,yes,yes,yes,yes,yes,yes,no,yes
186,no,yes,yes,yes,yes,no,yes,no,no,no,yes,yes,yes,no
187,no,no,no,no,yes,no,yes,no,no,no,no,yes,no,yes
188,no,no,no,no,yes,no,yes,no,yes,yes,yes,no,no,yes
189,yes,no,no,no,no,no,yes,no,yes,yes,no,yes,no,yes
190,no,no,no,no,yes,no,yes,yes,yes,yes,no,no,no,yes
191,no,yes,no,no,yes,no,yes,yes,no,no,no,no,no,no
192,no,no,no,no,no,no,no,no,yes,yes,yes,yes,yes,yes
193,no,no,no,no,yes,no,no,no,yes,no,yes,yes,no,yes
194,no,yes,no,no,yes,no,no,yes,yes,yes,no,yes,no,yes
195,no,no,yes,yes,no,no,yes,no,no,no,no,yes,yes,yes
196,no,no,yes,yes,no,no,yes,no,yes,yes,yes,no,no,no
197,no,no,no,no,no,no,no,no,no,no,yes,yes,yes,yes
198,no,no,no,no,yes,no,no,no,no,no,no,no,no,yes
199,no,no,yes,no,no,no,no,yes,no,no,no,yes,no,no
200,no,no,no,no,no,no,yes,yes,no,no,no,no,yes,yes
201,no,yes,no,no,no,no,no,no,no,no,no,no,no,no
202,no,no,no,no,no,no,no,no,no,no,yes,yes,yes,yes
203,no,no,no,no,no,no,yes,no,yes,yes,no,yes,yes,no
204,no,no,no,no,yes,no,yes,no,no,no,no,yes,yes,yes
205,no,yes,no,no,yes,no,yes,no,no,yes,yes,no,yes,yes
206,no,no,yes,no,no,no,no,no,yes,yes,no,no,no,no
207,no,yes,no,no,yes,no,yes,no,no,no,yes,no,yes,no
208,no,no,no,no,no,no,no,no,yes,yes,no,no,no,no
209,no,yes,no,no,yes,no,yes,yes,no,no,no,no,yes,no
210,no,yes,no,no,yes,no,yes,yes,yes,yes,no,no,yes,yes
211,no,yes,no,no,no,no,no,no,yes,yes,no,no,yes,no
212,no,yes,no,no,no,no,yes,no,no,no,no,yes,yes,no
213,yes,yes,no,no,no,no,no,no,no,no,yes,no,no,no
214,no,no,no,no,yes,no,yes,yes,yes,yes,yes,yes,no,yes
215,no,no,no,no,yes,no,no,no,no,no,no,no,no,yes
216,no,no,no,no,yes,no,no,no,no,no,yes,yes,no,no
217,no,no,yes,no,yes,no,no,no,yes,yes,yes,yes,no,yes
218,no,no,no,no,yes,no,no,yes,no,no,yes,no,no,no
219,no,no,yes,yes,no,no,yes,yes,no,yes,no,no,no,yes
220,yes,no,yes,yes,yes,no,yes,yes,yes,no,no,no,no,yes
221,no,no,no,no,no,no,no,no,no,no,yes,yes,yes,no
222,no,yes,no,no,yes,no,no,no,yes,yes,no,no,no,yes
223,no,yes,no,no,yes,no,no,yes,no,no,no,yes,no,no
224,no,no,yes,no,yes,no,no,yes,no,no,yes,no,no,yes
225,no,yes,no,no,no,no,no,yes,yes,yes,no,yes,no,yes
226,no,yes,yes,no,yes,no,no,no,no,no,no,no,no,no
227,no,yes,yes,yes,yes,no,yes,yes,yes,yes,no,yes,yes,yes
228,yes,no,yes,yes,yes,yes,no,yes,no,no,no,yes,yes,no
229,no,yes,no,no,yes,no,no,no,yes,yes,no,no,no,yes
230,no,no,yes,yes,no,no,yes,yes,no,no,yes,yes,no,no
231,no,no,no,no,yes,yes,no,no,yes,yes,no,no,yes,yes
232,no,no,no,no,no,no,no,no,no,no,yes,yes,no,yes
233,no,no,no,no,yes,no,no,no,yes,yes,yes,yes,no,yes
234,no,yes,yes,yes,yes,no,yes,yes,yes,yes,yes,yes,no,yes
235,no,yes,no,no,yes,no,no,no,no,no,no,no,no,yes
236,no,no,no,no,yes,no,no,no,no,no,no,no,no,no
237,no,no,yes,yes,yes,no,no,no,no,no,no,no,no,no
238,yes,yes,no,no,yes,no,no,no,yes,no,yes,yes,no,yes
239,yes,yes,yes,yes,yes,no,yes,yes,yes,yes,yes,yes,no,no
240,no,yes,yes,yes,yes,no,yes,yes,yes,yes,no,no,no,yes
241,no,yes,no,no,no,no,no,no,no,no,no,no,yes,no
242,no,no,no,no,no,no,no,no,no,yes,yes,yes,yes,yes
243,no,yes,yes,yes,no,no,no,no,yes,yes,yes,yes,yes,no
244,no,yes,no,no,yes,no,no,no,no,yes,yes,yes,no,yes
245,no,yes,no,no,yes,no,no,yes,no,no,no,yes,no,yes
246,yes,yes,no,no,yes,yes,no,no,yes,yes,no,no,no,yes
247,no,no,no,no,yes,no,yes,yes,yes,yes,no,no,no,no
248,no,no,no,no,no,no,no,no,no,no,no,no,no,no
249,no,no,yes,yes,no,no,yes,no,no,no,yes,no,no,no
250,no,no,no,no,yes,no,yes,yes,yes,yes,no,no,no,yes
251,no,no,no,no,yes,no,yes,no,no,no,yes,no,no,yes
252,no,no,no,no,no,no,yes,no,yes,yes,yes,no,no,no
253,no,no,no,no,no,no,no,no,no,yes,yes,yes,no,yes
254,no,no,no,no,yes,no,no,no,yes,yes,no,no,no,no
255,no,yes,no,no,no,no,no,no,no,no,yes,yes,yes,no
256,no,no,no,no,yes,no,no,no,no,no,no,no,no,yes
257,no,yes,no,no,yes,no,yes,yes,no,no,yes,yes,no,no
258,no,no,yes,yes,no,no,no,no,yes,yes,no,no,yes,no
259,no,no,no,no,no,no,no,no,no,no,yes,yes,no,no
260,no,no,yes,no,no,no,no,no,yes,yes,no,no,yes,no
261,no,no,yes,no,no,no,yes,no,no,no,yes,no,no,no
262,no,no,no,no,yes,no,no,no,yes,yes,yes,yes,yes,no
263,no,no,yes,yes,yes,no,yes,yes,no,no,no,no,no,no
264,no,no,yes,yes,no,no,no,no,yes,yes,no,no,no,yes
265,no,no,no,no,no,no,no,no,no,no,no,no,no,yes
266,no,no,no,no,no,no,no,yes,no,no,no,yes,no,no
267,no,yes,yes,no,yes,no,no,no,no,no,yes,yes,yes,no
268,no,no,no,no,no,no,no,no,yes,yes,no,no,no,no
269,no,no,yes,no,no,no,no,no,no,no,yes,no,yes,no
270,no,no,no,no,no,no,no,no,yes,yes,yes,yes,no,no
271,no,yes,yes,yes,no,no,yes,no,no,no,yes,no,no,no
272,no,no,no,no,yes,no,no,no,no,no,no,no,yes,yes
273,no,no,no,no,no,no,no,no,no,no,no,no,no,no
274,no,yes,no,no,no,no,no,no,no,no,no,no,yes,no
275,no,no,no,no,no,no,no,no,yes,yes,yes,yes,yes,yes
276,no,no,yes,yes,no,no,yes,no,yes,yes,no,yes,no,no
277,no,yes,yes,no,yes,no,yes,no,yes,yes,no,yes,no,no
278,no,yes,no,no,no,no,yes,yes,yes,yes,no,no,no,no
279,no,yes,no,no,yes,no,no,no,yes,yes,no,no,no,yes
280,no,no,no,no,no,no,no,no,no,no,yes,yes,no,yes
281,no,no,yes,yes,no,no,yes,no,no,no,yes,no,no,no
282,no,yes,no,no,no,no,yes,yes,yes,yes,yes,yes,yes,no
283,no,yes,no,no,yes,no,no,no,yes,yes,yes,yes,yes,yes
284,no,yes,yes,no,yes,yes,yes,yes,no,no,no,no,no,yes
285,no,no,no,no,no,no,no,no,no,no,yes,yes,no,yes
286,no,yes,no,no,yes,no,no,no,no,no,no,no,no,yes
287,no,no,no,no,yes,no,no,no,no,no,yes,yes,no,yes
288,no,no,no,no,yes,no,no,no,no,no,no,no,yes,no
289,no,no,no,no,no,no,no,no,no,no,yes,no,yes,no
290,no,no,no,no,yes,no,yes,yes,yes,no,no,no,yes,yes
291,no,no,no,no,no,yes,no,no,no,no,yes,no,yes,no
292,no,yes,no,no,yes,no,yes,yes,yes,yes,no,no,no,yes
293,no,no,no,no,no,no,no,no,no,no,no,no,yes,yes
294,no,yes,no,no,yes,no,no,no,yes,yes,yes,yes,yes,yes
295,no,no,no,no,yes,no,no,no,yes,yes,yes,yes,yes,yes
296,no,yes,no,no,yes,no,no,yes,yes,yes,yes,no,no,no
297,no,no,no,no,yes,no,no,no,no,no,yes,yes,no,yes
298,no,yes,no,no,yes,no,yes,yes,yes,yes,no,no,yes,yes
299,yes,yes,yes,no,yes,no,yes,yes,yes,yes,yes,yes,no,no
300,no,no,yes,yes,no,no,yes,yes,yes,yes,no,no,no,no
301,no,yes,no,no,yes,no,yes,no,no,no,yes,no,no,yes
302,no,yes,no,no,yes,no,no,no,yes,yes,yes,no,yes,yes
303,no,no,yes,yes,yes,no,yes,yes,yes,yes,no,no,no,yes
304,no,no,no,no,no,no,no,no,no,no,no,no,no,no
305,no,no,no,no,no,no,no,no,no,yes,yes,yes,no,no
306,no,no,yes,yes,yes,no,yes,no,no,no,yes,no,no,no
307,no,no,no,no,yes,no,yes,no,yes,yes,yes,no,no,yes
308,no,no,no,no,no,no,no,no,no,yes,yes,yes,no,no
309,yes,yes,no,no,no,no,no,no,no,no,yes,yes,yes,yes
310,no,yes,no,no,no,no,no,no,no,no,no,no,yes,no
311,no,no,no,no,no,no,no,no,no,no,yes,yes,no,no
312,no,yes,yes,no,yes,no,no,no,yes,yes,no,no,yes,yes
313,no,no,no,no,yes,no,no,yes,no,no,no,no,yes,yes
314,no,no,no,no,yes,no,no,no,no,no,no,no,no,no
315,no,no,no,no,yes,no,no,yes,no,no,no,yes,no,yes
316,no,no,no,no,yes,no,no,no,no,no,no,no,no,yes
317,no,yes,no,no,yes,no,no,no,yes,yes,yes,yes,no,no
318,no,no,no,no,no,no,yes,no,no,no,no,yes,no,yes
319,no,no,no,no,no,no,no,no,no,no,yes,yes,no,no
320,no,no,no,no,yes,no,yes,no,yes,no,yes,no,no,yes
321,no,yes,no,no,no,no,no,no,no,no,no,no,no,no
322,no,no,yes,no,yes,no,yes,no,no,no,yes,no,yes,no
323,no,yes,no,no,yes,no,yes,no,yes,yes,no,yes,no,yes
324,no,no,yes,yes,no,no,yes,no,no,no,yes,no,no,no
325,no,no,no,no,no,no,no,yes,yes,yes,no,yes,yes,no
326,no,no,no,no,yes,no,no,no,no,no,no,no,no,no
327,no,no,no,no,no,no,no,no,no,no,yes,yes,no,no
328,no,no,no,no,no,no,no,no,yes,yes,yes,yes,no,no
329,no,no,no,no,no,no,no,no,yes,yes,no,no,no,no
330,no,yes,yes,yes,yes,no,yes,yes,no,no,no,no,no,no
331,no,yes,no,no,no,no,yes,yes,yes,yes,no,no,no,no
332,no,no,no,no,no,no,no,no,no,no,yes,yes,no,no
333,no,no,yes,no,no,no,no,no,no,no,no,no,yes,yes
334,no,no,no,no,yes,no,no,no,yes,yes,yes,yes,yes,yes
335,no,no,no,no,yes,no,yes,yes,yes,yes,yes,yes,yes,no
336,no,yes,yes,yes,yes,yes,no,no,yes,yes,yes,yes,yes,yes
337,no,no,yes,yes,yes,no,yes,no,no,yes,yes,no,no,yes
338,yes,yes,yes,yes,yes,no,no,no,yes,yes,yes,yes,no,no
339,no,no,yes,no,no,no,yes,no,no,no,no,yes,no,no
340,yes,yes,no,no,yes,no,no,no,yes,yes,yes,yes,no,no
341,no,no,yes,no,no,no,no,no,no,yes,yes,yes,no,no
342,no,no,no,no,yes,no,no,no,no,no,yes,yes,no,no
343,no,no,no,no,no,no,no,no,no,yes,yes,yes,yes,no
344,no,yes,yes,yes,yes,no,no,yes,yes,yes,yes,no,no,no
345,no,yes,no,no,no,no,no,no,no,no,no,no,no,no
346,no,yes,no,no,yes,no,no,no,no,no,yes,no,no,no
347,no,yes,yes,yes,yes,no,yes,yes,no,no,no,no,no,yes
348,no,yes,no,no,yes,no,no,no,no,no,yes,yes,no,yes
349,no,no,no,no,no,no,no,no,yes,yes,yes,yes,no,no
350,no,yes,no,no,no,no,no,no,no,no,no,no,yes,no
351,no,yes,yes,no,no,yes,no,no,no,no,yes,no,no,no
352,no,yes,no,no,yes,no,no,no,no,no,no,no,no,yes
353,no,no,no,no,yes,no,yes,yes,yes,yes,no,no,no,yes
354,no,no,yes,no,yes,no,no,yes,no,no,yes,no,yes,yes
355,no,no,yes,no,no,no,no,no,no,no,no,no,no,no
356,no,yes,yes,yes,yes,yes,yes,no,yes,yes,yes,no,yes,no
357,no,no,no,no,no,no,yes,no,no,no,yes,yes,no,no
358,no,no,no,no,no,no,yes,no,no,no,no,yes,yes,no
359,no,no,no,no,yes,no,no,no,yes,yes,no,no,yes,no
360,no,no,no,no,no,no,no,no,no,no,yes,yes,no,no
361,no,yes,yes,yes,yes,no,yes,yes,no,no,no,no,yes,yes
362,no,no,no,no,no,no,no,no,no,yes,yes,yes,no,yes
363,no,yes,no,no,yes,no,yes,no,no,no,no,yes,no,yes
364,no,no,no,no,no,no,yes,no,no,no,no,yes,no,no
365,no,no,no,no,yes,no,yes,yes,no,no,yes,yes,no,yes
366,no,yes,no,no,yes,no,no,no,no,no,yes,no,no,no
367,no,no,no,no,no,no,no,no,no,no,yes,yes,no,no
368,no,yes,no,no,yes,no,no,yes,yes,yes,no,yes,yes,yes
369,no,yes,no,no,yes,no,no,no,no,yes,yes,yes,yes,yes
370,no,yes,yes,no,yes,no,no,no,yes,yes,yes,no,yes,yes
371,no,no,no,no,no,no,no,no,no,no,no,no,no,no
372,no,yes,yes,no,yes,no,no,yes,no,no,no,yes,no,no
373,no,yes,yes,no,yes,no,yes,no,no,no,no,yes,no,no
374,no,no,no,no,no,no,yes,no,no,no,yes,yes,no,yes
375,no,yes,no,no,yes,no,no,no,yes,yes,no,no,no,yes
376,no,yes,yes,no,yes,no,yes,no,yes,yes,no,yes,no,no
377,no,no,no,no,no,no,no,no,no,no,yes,yes,no,no
378,no,yes,yes,yes,yes,no,yes,yes,no,no,no,yes,no,yes
379,no,no,yes,yes,yes,no,no,no,yes,yes,yes,yes,no,yes
380,no,yes,no,no,no,no,yes,no,no,no,no,yes,yes,no
381,yes,no,no,no,yes,no,yes,yes,no,yes,no,no,no,yes
382,no,no,yes,no,no,no,no,no,no,yes,yes,yes,no,yes
383,no,yes,no,no,no,no,no,no,no,no,yes,no,no,yes
384,no,no,yes,no,no,no,no,no,yes,yes,yes,no,no,no
385,no,no,yes,no,no,no,no,no,no,no,yes,no,no,yes
386,no,no,no,no,yes,no,no,no,no,no,yes,no,no,no
387,no,yes,no,no,yes,no,no,no,yes,no,yes,yes,yes,yes
388,no,no,no,no,no,no,yes,no,no,no,no,yes,yes,no
389,no,no,no,no,no,no,no,no,no,no,no,no,yes,no
390,no,no,no,no,yes,no,no,yes,no,no,no,yes,no,yes
391,no,yes,yes,no,no,no,no,no,no,no,yes,yes,no,yes
392,no,no,yes,no,no,no,no,no,yes,yes,no,no,yes,no
393,no,no,no,no,no,no,no,no,no,no,no,no,no,no
394,no,yes,no,no,no,no,yes,no,yes,yes,yes,no,no,no
395,no,no,no,no,no,no,no,no,no,no,yes,yes,no,yes
396,no,yes,yes,yes,yes,yes,no,no,yes,yes,yes,yes,yes,yes
397,no,yes,no,no,no,no,no,no,yes,yes,yes,yes,no,no
398,no,no,no,no,no,no,no,no,no,no,no,no,no,no
399,no,no,yes,yes,no,no,yes,yes,yes,yes,no,no,yes,no
400,no,yes,no,no,no,no,yes,yes,no,no,no,no,no,no
401,no,no,no,no,yes,no,no,no,no,no,yes,yes,no,yes
402,no,no,no,no,no,yes,no,no,yes,yes,yes,yes,yes,no
403,no,no,yes,no,no,no,no,no,no,no,yes,yes,no,yes
404,no,no,no,no,yes,no,yes,no,no,no,no,yes,no,no
405,no,no,yes,yes,no,no,no,yes,no,no,no,yes,no,no
406,no,no,no,no,yes,no,no,yes,no,yes,no,yes,yes,no
407,no,no,yes,yes,yes,no,yes,no,yes,yes,no,yes,no,yes
408,no,no,no,no,no,no,no,no,yes,yes,yes,yes,yes,no
409,no,no,no,no,no,no,no,no,no,no,no,no,yes,no
410,no,no,no,no,no,no,no,no,no,no,yes,yes,no,no
411,no,no,no,no,no,no,no,no,yes,yes,yes,yes,no,no
412,no,yes,no,no,yes,no,no,no,yes,yes,yes,yes,yes,no
413,no,no,no,no,no,no,no,yes,no,no,yes,no,no,no
414,no,no,no,no,no,no,no,no,yes,yes,yes,yes,no,no
415,no,no,no,no,no,no,yes,no,no,yes,yes,no,no,no
416,no,no,yes,yes,no,no,no,no,yes,yes,no,no,yes,no
417,no,no,no,no,yes,no,yes,no,no,no,no,yes,no,yes
418,no,no,no,no,no,no,no,no,no,no,yes,yes,no,yes
419,no,yes,no,no,no,no,no,no,no,no,yes,yes,yes,yes
420,no,no,no,no,no,no,yes,no,no,no,no,yes,no,no
421,no,no,no,no,yes,no,no,no,no,no,yes,yes,yes,yes
422,no,no,no,no,no,no,no,no,no,no,yes,yes,no,yes
423,no,no,no,no,no,no,yes,no,no,no,yes,no,no,no
424,no,no,yes,no,no,no,no,no,no,no,yes,yes,no,yes
425,no,no,yes,no,yes,no,no,yes,no,no,yes,no,no,no
426,no,yes,yes,no,no,no,no,no,no,no,no,no,yes,no
427,no,no,no,no,yes,no,no,no,no,no,yes,yes,no,yes
428,no,no,no,no,no,no,no,no,no,yes,yes,yes,no,yes
429,no,no,yes,yes,yes,no,yes,no,no,yes,yes,no,yes,no
430,yes,yes,no,no,yes,no,yes,no,yes,yes,yes,no,no,yes
431,no,no,no,no,no,no,no,no,no,no,no,no,no,no
432,no,no,no,no,no,no,no,no,no,no,yes,yes,no,no
433,no,no,yes,no,no,no,no,no,no,no,no,no,yes,no
434,no,no,no,no,no,no,no,no,no,no,yes,yes,no,no
435,no,no,yes,no,no,no,no,no,no,no,no,no,yes,no
436,no,no,no,no,yes,no,yes,no,no,no,no,yes,no,yes
437,no,no,no,no,no,no,no,no,no,no,no,no,yes,yes
438,no,yes,no,no,yes,no,no,no,no,no,no,no,no,no
439,no,yes,yes,yes,yes,no,yes,no,yes,no,yes,no,no,yes
440,no,yes,no,no,yes,yes,no,yes,yes,yes,yes,no,yes,yes
441,no,yes,no,no,yes,no,no,no,yes,yes,yes,no,no,yes
442,no,no,no,no,no,no,no,no,yes,no,yes,yes,yes,yes
443,no,no,no,no,yes,no,no,no,no,no,yes,yes,no,no
444,no,no,no,no,no,no,yes,no,no,no,yes,no,yes,no
445,no,no,yes,no,no,no,no,no,no,no,no,no,no,no
446,no,no,no,no,no,no,no,no,no,no,yes,yes,no,yes
447,no,no,no,no,no,no,no,no,no,no,yes,yes,yes,yes
448,no,yes,no,no,no,no,no,no,no,yes,yes,yes,yes,no
449,no,no,no,no,no,no,no,no,no,no,yes,yes,yes,no
450,no,yes,no,no,no,no,no,no,no,no,no,no,yes,no
451,no,yes,no,no,yes,no,no,yes,no,no,no,yes,yes,yes
452,no,no,yes,no,yes,no,no,no,yes,yes,no,no,yes,yes
453,no,no,no,no,no,no,yes,yes,no,no,yes,yes,no,no
454,no,yes,no,no,yes,no,no,yes,yes,yes,yes,no,no,yes
455,no,yes,yes,yes,no,no,yes,no,no,no,yes,no,no,yes
456,no,yes,no,no,yes,no,yes,yes,yes,yes,yes,yes,no,no
457,no,no,yes,no,no,no,no,yes,no,no,yes,no,no,no
458,no,yes,yes,no,yes,no,no,yes,yes,yes,yes,no,yes,yes
459,no,yes,yes,no,yes,no,yes,no,no,no,yes,yes,yes,yes
460,no,no,no,no,yes,no,no,yes,no,no,no,yes,yes,yes
461,no,yes,no,no,yes,no,no,yes,no,no,yes,no,no,yes
462,no,yes,no,no,no,no,no,no,no,yes,yes,yes,no,yes
463,no,no,no,no,yes,no,yes,no,no,no,yes,yes,yes,no
464,no,no,no,no,no,no,no,no,no,no,no,no,yes,yes
465,no,yes,yes,yes,yes,no,no,yes,no,no,yes,no,no,yes
466,no,no,yes,no,no,no,yes,no,yes,yes,no,yes,no,no
467,no,yes,no,no,yes,no,no,no,no,no,no,no,no,no
468,no,no,no,no,yes,no,no,no,no,no,no,no,yes,no
469,no,no,no,no,no,no,yes,yes,no,no,yes,yes,no,no
470,no,no,no,no,yes,no,no,yes,no,yes,no,yes,no,yes
471,no,no,no,no,no,no,no,no,no,no,yes,yes,no,yes
472,no,no,no,no,yes,no,no,yes,yes,no,no,yes,no,yes
473,no,no,no,no,yes,no,no,no,no,no,no,no,yes,yes
474,no,yes,no,no,no,no,no,no,no,no,yes,yes,yes,no
475,no,no,yes,yes,yes,no,no,no,yes,yes,no,no,no,yes
476,no,no,yes,yes,no,no,no,no,no,no,yes,yes,no,yes
477,no,yes,no,no,yes,no,no,no,yes,yes,yes,yes,no,no
478,no,no,no,no,no,no,yes,no,no,no,yes,no,no,yes
479,no,no,no,no,yes,no,yes,yes,yes,yes,no,no,no,no
480,no,no,no,no,no,no,no,no,yes,yes,no,no,no,no
481,no,no,no,no,yes,no,no,yes,no,yes,no,yes,yes,no
482,no,no,no,no,yes,no,no,yes,no,no,no,no,yes,yes
483,no,no,no,no,no,no,yes,yes,no,no,no,no,yes,no
484,no,no,no,no,no,no,no,no,no,no,yes,yes,no,no
485,no,no,no,no,no,no,no,no,no,no,yes,yes,no,yes
486,no,no,no,no,yes,no,no,no,no,no,yes,yes,yes,yes
487,no,no,no,no,yes,no,no,yes,no,no,no,yes,yes,yes
488,no,yes,yes,no,no,no,no,no,yes,yes,yes,yes,no,yes
489,no,no,no,no,yes,no,no,no,no,no,no,no,yes,yes
490,no,no,no,no,no,no,no,no,no,no,no,no,yes,no
491,no,no,no,no,no,yes,no,no,no,no,yes,yes,yes,no
492,no,yes,no,no,yes,yes,no,yes,yes,yes,no,no,yes,no
493,no,yes,no,no,yes,no,yes,yes,no,no,no,no,yes,yes
494,no,yes,no,no,yes,no,no,no,no,no,no,no,yes,yes
495,no,no,no,no,no,no,no,no,no,no,yes,no,yes,no
496,no,yes,yes,no,no,no,no,no,no,no,yes,yes,yes,yes
497,no,yes,yes,yes,yes,no,yes,no,yes,yes,yes,no,yes,yes
498,no,yes,yes,yes,no,no,no,no,yes,yes,no,no,yes,yes
499,no,no,no,no,no,no,no,no,no,no,yes,yes,no,no
500,no,no,no,no,yes,no,yes,yes,no,no,no,no,no,no
501,no,no,no,no,no,no,no,yes,no,no,yes,no,no,no
502,yes,yes,yes,yes,no,no,no,no,yes,yes,yes,no,no,no
503,no,no,no,no,yes,no,no,no,no,yes,yes,yes,yes,yes
504,no,no,yes,yes,yes,no,yes,no,yes,yes,no,yes,no,no
505,no,no,no,no,no,no,no,no,no,no,no,no,no,no
506,no,no,no,no,no,no,no,no,no,no,yes,no,no,no
507,no,yes,no,no,yes,no,no,no,yes,yes,yes,no,no,no
508,no,yes,yes,yes,no,no,no,no,yes,yes,no,no,yes,no
509,no,no,no,no,no,no,no,no,yes,yes,yes,yes,yes,no
510,no,yes,no,no,yes,no,yes,yes,no,no,no,yes,yes,yes
511,no,no,no,no,no,no,no,no,no,no,yes,yes,yes,no
512,no,no,no,no,no,no,no,no,no,no,no,no,no,no
513,no,no,no,no,no,no,yes,no,no,no,yes,no,yes,no
514,no,yes,no,no,no,no,no,no,no,no,yes,yes,no,no
515,no,no,no,no,no,no,no,no,no,no,no,no,no,yes
516,no,no,no,no,yes,no,no,no,no,no,yes,yes,no,no
517,no,no,no,no,yes,no,yes,no,no,no,yes,no,no,yes
518,no,no,no,no,yes,no,yes,yes,no,no,no,no,yes,yes
519,no,no,yes,no,no,no,yes,no,no,yes,yes,no,no,no
520,no,yes,no,no,yes,no,no,yes,yes,no,no,yes,no,no
521,no,no,no,no,yes,no,no,yes,no,no,yes,no,no,no
522,no,no,no,no,yes,no,no,yes,no,no,yes,no,no,yes
523,no,yes,no,no,yes,no,no,no,no,no,yes,no,yes,yes
524,no,no,yes,yes,no,no,no,no,no,no,yes,yes,no,no
525,no,yes,no,no,no,no,no,no,no,no,no,no,no,no
526,no,no,no,no,no,no,no,no,yes,yes,yes,yes,no,no
527,no,yes,yes,no,yes,no,no,no,yes,yes,yes,yes,no,no
528,no,yes,no,no,yes,no,no,yes,yes,yes,no,no,no,yes
529,no,no,yes,no,yes,no,yes,no,no,no,no,yes,no,yes
530,no,no,yes,no,yes,no,no,no,no,no,no,no,yes,yes
531,no,no,yes,yes,yes,no,no,no,yes,yes,no,no,no,no
532,no,yes,no,no,yes,no,yes,no,no,no,no,yes,yes,yes
533,yes,yes,yes,yes,yes,no,yes,yes,yes,yes,no,no,no,no
534,no,no,no,no,no,no,no,no,yes,yes,yes,yes,no,no
535,no,no,yes,yes,no,no,no,no,no,no,yes,yes,yes,no
536,no,yes,yes,yes,no,no,no,no,yes,yes,yes,yes,yes,yes
537,no,yes,no,no,no,no,no,no,yes,yes,no,no,no,no
538,no,yes,no,no,no,no,no,no,yes,yes,no,no,yes,no
539,no,yes,no,no,yes,no,yes,no,yes,yes,no,yes,no,no
540,no,no,no,no,yes,no,yes,yes,yes,yes,no,no,no,yes
541,no,no,no,no,no,no,no,no,no,no,no,no,no,no
542,no,yes,no,no,yes,no,no,no,no,no,yes,yes,no,yes
543,no,no,no,no,no,no,no,no,no,no,yes,no,no,no
544,no,no,no,no,yes,no,no,no,no,no,yes,yes,no,yes
545,no,no,no,no,no,no,no,no,no,no,yes,yes,no,no
546,no,no,no,no,no,no,yes,no,no,no,yes,no,yes,no
547,no,yes,no,no,no,no,no,no,no,no,yes,yes,yes,no
548,no,yes,no,no,yes,no,no,yes,no,no,yes,no,yes,no
549,no,no,no,no,no,no,no,no,yes,yes,yes,yes,yes,no
550,no,yes,no,no,yes,no,no,yes,yes,yes,yes,no,no,no
551,no,yes,yes,no,no,no,yes,no,yes,yes,no,yes,yes,no
552,no,no,yes,no,yes,no,no,no,no,no,yes,yes,no,yes
553,no,yes,yes,no,yes,no,no,yes,yes,yes,yes,no,no,yes
554,no,yes,no,no,no,no,no,no,no,no,no,no,yes,yes
555,no,no,no,no,yes,no,no,no,no,no,yes,yes,yes,yes
556,no,yes,no,no,yes,no,no,yes,yes,yes,no,yes,yes,yes
557,no,no,no,no,no,no,no,no,no,no,no,no,no,no
558,no,yes,no,no,no,no,no,no,yes,yes,no,no,yes,yes
559,no,no,no,no,yes,no,yes,no,no,no,no,yes,no,yes
560,no,yes,no,no,yes,no,no,no,yes,yes,no,no,no,yes
561,yes,yes,no,no,yes,no,no,no,no,no,yes,no,no,no
562,no,no,no,no,no,no,no,no,no,yes,yes,yes,yes,no
563,no,no,no,no,no,no,no,no,no,no,yes,yes,yes,no
564,no,yes,no,no,yes,no,no,yes,no,no,yes,no,yes,no
565,no,no,no,no,yes,no,no,no,yes,yes,yes,yes,yes,no
566,no,yes,yes,yes,yes,no,yes,yes,yes,yes,no,no,no,yes
567,no,no,no,no,yes,no,no,no,no,no,yes,no,no,yes
568,no,yes,no,no,no,no,yes,no,yes,yes,yes,no,no,no
569,no,yes,yes,no,yes,no,no,yes,yes,yes,no,no,yes,no
570,no,no,no,no,no,no,no,no,yes,yes,yes,no,no,no
571,no,no,no,no,yes,no,no,no,no,no,yes,no,no,yes
572,no,yes,no,no,no,no,no,no,no,no,yes,yes,no,no
573,yes,no,yes,yes,yes,no,no,no,no,no,yes,yes,yes,yes
574,no,no,no,no,no,no,yes,no,no,no,no,yes,no,yes
575,no,no,no,no,yes,no,no,no,no,no,no,no,yes,yes
576,no,no,no,no,no,no,no,no,no,no,yes,yes,no,no
577,no,no,no,no,yes,no,no,yes,no,yes,no,yes,no,no
578,no,no,yes,no,no,no,no,no,no,no,yes,yes,no,no
579,no,no,no,no,no,no,no,no,no,no,yes,yes,no,yes
580,no,no,yes,yes,yes,no,no,yes,no,yes,no,yes,no,yes
581,no,no,no,no,yes,no,yes,no,no,yes,yes,no,no,yes
582,no,no,yes,no,no,no,no,no,no,no,no,no,no,no
583,no,yes,no,no,no,no,no,no,no,no,yes,yes,yes,no
584,no,no,no,no,no,no,no,no,no,no,yes,yes,yes,no
585,no,no,no,no,no,no,no,no,no,no,yes,yes,yes,no
586,no,yes,no,no,no,no,no,no,yes,yes,yes,yes,no,no
587,no,no,no,no,no,no,no,no,no,no,yes,yes,yes,yes
588,no,no,no,no,yes,no,no,no,no,no,no,no,no,no
589,no,no,no,no,no,no,no,yes,no,no,no,yes,yes,no
590,no,yes,yes,no,yes,no,no,no,no,no,no,no,no,yes
591,no,no,no,no,yes,yes,no,no,no,no,yes,yes,no,no
592,no,yes,no,no,no,no,no,no,yes,yes,no,no,no,yes
593,no,no,no,no,yes,no,no,no,yes,yes,no,no,no,yes
594,no,no,no,no,no,no,no,no,no,no,yes,no,yes,yes
595,no,no,no,no,yes,no,no,no,no,no,yes,no,yes,yes
596,no,yes,no,no,no,no,no,no,no,yes,yes,yes,yes,no
597,yes,yes,yes,yes,yes,yes,yes,yes,yes,yes,no,no,yes,yes
598,no,yes,yes,yes,no,no,no,no,no,no,yes,yes,yes,no
599,no,no,no,no,no,no,no,no,no,no,no,no,no,no
600,no,no,no,no,no,no,yes,no,no,no,no,yes,yes,no
601,no,no,no,no,no,no,no,no,no,no,no,no,no,no
602,no,no,yes,no,no,no,no,no,yes,yes,yes,yes,yes,yes
603,no,yes,yes,no,no,no,no,no,yes,yes,yes,yes,no,no
604,no,no,yes,no,no,no,no,no,no,yes,yes,yes,yes,no
605,no,no,no,no,yes,no,no,no,no,no,no,no,no,yes
606,no,no,no,no,yes,no,no,no,no,no,no,no,no,yes
607,no,no,no,no,no,no,no,no,yes,yes,yes,yes,yes,no
608,no,yes,yes,yes,yes,no,yes,yes,no,no,no,yes,no,yes
609,no,yes,no,no,yes,no,no,no,no,no,no,no,no,no
610,no,yes,no,no,yes,yes,no,no,yes,yes,no,no,no,no
611,yes,yes,yes,no,no,no,no,yes,no,no,yes,no,no,no
612,no,no,no,no,yes,no,yes,yes,yes,no,no,no,no,yes
613,yes,yes,no,no,no,no,no,no,yes,no,yes,yes,yes,no
614,no,yes,yes,no,no,no,no,no,no,no,yes,yes,no,no
615,no,no,no,no,no,no,no,no,no,no,yes,yes,no,yes
616,no,yes,no,no,no,no,no,yes,no,no,no,no,no,no
617,no,no,no,no,no,no,no,no,no,no,no,no,yes,yes
618,no,no,no,no,no,yes,no,no,yes,yes,no,no,yes,no
619,no,yes,no,no,no,yes,no,no,no,no,no,no,no,yes
620,no,no,no,no,no,no,no,yes,no,no,no,yes,no,no
621,yes,no,no,no,yes,no,yes,yes,yes,yes,yes,yes,yes,no
622,no,no,no,no,no,no,no,no,no,no,no,no,no,no
623,no,no,no,no,no,no,no,no,yes,yes,yes,yes,yes,no
624,no,no,no,no,yes,no,no,no,no,no,yes,yes,no,yes
625,yes,yes,no,no,yes,no,no,yes,no,no,no,yes,no,no
626,no,no,no,no,no,no,no,no,no,no,yes,no,yes,yes
627,no,yes,no,no,yes,no,no,no,yes,yes,no,no,no,yes
628,no,no,no,no,no,yes,no,no,no,no,no,no,no,no
629,no,no,no,no,no,no,no,no,yes,no,yes,yes,no,yes
630,no,no,no,no,no,no,no,no,no,no,yes,yes,yes,no
631,no,no,no,no,no,no,yes,no,no,no,yes,yes,no,yes
632,no,no,no,no,no,no,no,no,no,no,no,no,yes,no
633,no,yes,yes,no,yes,no,yes,yes,yes,yes,no,no,no,no
634,no,yes,no,no,no,no,no,no,yes,yes,no,no,no,no
635,no,no,yes,yes,yes,no,no,no,no,yes,yes,yes,yes,yes
636,no,no,no,no,yes,no,no,no,yes,yes,no,no,no,yes
637,no,yes,no,no,no,no,no,no,no,no,no,no,yes,no
638,no,yes,no,no,no,no,no,no,no,yes,yes,yes,no,no
639,no,no,no,no,no,no,no,no,yes,yes,yes,no,no,yes
640,no,yes,yes,no,no,no,no,no,no,no,no,no,no,no
641,no,yes,no,no,yes,no,yes,no,yes,yes,yes,no,no,no
642,no,no,yes,no,yes,no,no,no,no,no,yes,yes,no,no
643,no,no,no,no,no,no,no,no,no,no,yes,yes,yes,no
644,no,yes,no,no,no,no,no,no,yes,yes,no,no,no,yes
645,no,no,no,no,no,no,no,no,yes,yes,yes,yes,no,no
646,no,yes,yes,yes,no,yes,yes,no,yes,yes,no,yes,yes,yes
647,no,no,no,no,no,no,no,no,yes,yes,yes,yes,no,no
648,no,no,no,no,no,no,no,no,no,no,yes,no,no,no
649,no,yes,yes,no,yes,no,yes,no,yes,yes,yes,no,no,yes
650,no,no,yes,no,no,no,no,no,no,no,yes,yes,yes,no
651,no,yes,no,no,yes,no,yes,no,yes,yes,no,yes,no,yes
652,no,no,no,no,yes,no,no,no,no,no,yes,yes,no,yes
653,no,no,no,no,no,no,no,no,yes,yes,no,no,no,no
654,no,no,no,no,no,no,no,no,no,no,no,no,no,yes
655,no,no,no,no,no,no,no,no,no,no,no,no,no,yes
656,no,no,yes,no,no,no,no,no,no,no,yes,yes,no,no
657,no,yes,no,no,no,no,no,no,yes,yes,no,no,yes,no
658,no,yes,no,no,yes,no,yes,yes,no,no,yes,yes,yes,yes
659,no,no,no,no,yes,no,no,no,no,no,yes,no,no,yes
660,no,no,no,no,no,no,no,no,no,no,yes,yes,no,no
661,no,no,no,no,no,no,no,no,no,no,yes,yes,no,no
662,no,no,yes,no,no,no,no,no,no,no,yes,yes,no,no
663,no,yes,no,no,yes,no,yes,no,no,no,no,yes,no,yes
664,no,no,no,no,no,no,no,no,no,no,no,no,no,no
665,no,yes,yes,no,yes,no,no,no,no,no,no,no,no,yes
666,no,no,no,no,no,no,no,no,no,no,no,no,no,no
667,no,yes,no,no,yes,no,no,no,yes,yes,no,no,no,yes
668,no,no,no,no,no,no,no,no,yes,yes,yes,yes,no,yes
669,no,yes,no,no,yes,no,yes,yes,no,no,yes,yes,no,yes
670,no,yes,no,no,yes,no,no,no,no,no,yes,no,no,no
671,no,no,no,no,no,no,no,no,no,no,yes,yes,no,no
672,no,no,yes,no,yes,no,no,no,yes,yes,no,no,yes,yes
673,no,no,no,no,no,no,no,no,yes,yes,yes,no,no,no
674,no,no,no,no,no,no,no,no,no,no,no,no,no,no
675,no,no,no,no,no,no,no,no,no,no,no,no,yes,no
676,no,no,yes,no,no,no,no,no,no,no,no,no,no,no
677,no,no,no,no,no,no,no,no,no,no,no,no,no,no
678,no,no,no,no,no,no,no,no,no,no,no,no,no,no
679,no,no,no,no,no,no,no,no,no,no,no,no,no,no
680,no,no,no,no,no,no,no,no,no,no,yes,yes,yes,no
681,no,yes,no,no,no,no,no,no,no,no,no,no,yes,no
682,no,no,no,no,yes,no,yes,no,yes,yes,yes,no,no,no
683,no,no,no,no,no,no,no,no,no,no,no,no,no,yes
684,no,yes,no,no,yes,no,no,no,no,no,no,no,yes,no
685,no,no,no,no,no,no,no,no,no,no,no,no,no,yes
686,no,no,no,no,no,no,yes,no,no,yes,yes,no,no,yes
687,no,no,no,no,no,no,no,no,no,no,no,no,no,yes
688,no,no,no,no,yes,no,no,no,yes,no,yes,yes,no,yes
689,no,no,no,no,yes,no,no,yes,no,no,no,yes,no,no
690,no,yes,no,no,no,no,no,no,no,no,no,no,no,no
691,no,yes,no,no,no,no,no,no,no,no,yes,yes,no,no
692,no,yes,no,no,no,no,no,no,no,no,no,no,no,yes
693,no,no,no,no,no,no,no,no,yes,yes,no,no,no,yes
694,no,no,no,no,yes,no,yes,no,no,no,no,yes,no,yes
695,no,no,no,no,no,no,no,no,no,no,yes,no,yes,no
696,no,no,no,no,no,no,no,no,no,no,yes,yes,yes,yes
697,no,no,no,no,no,no,yes,yes,yes,yes,no,yes,yes,no
698,no,no,yes,no,yes,no,no,no,no,no,yes,yes,no,yes
699,no,no,no,no,no,no,yes,no,no,no,yes,no,no,yes
700,no,no,no,no,no,no,no,no,no,no,no,no,yes,no
701,no,no,no,no,no,no,no,no,yes,yes,yes,no,no,yes
702,no,no,no,no,yes,no,no,yes,no,no,yes,no,no,yes
703,no,yes,yes,no,yes,no,no,no,yes,no,yes,yes,no,yes
704,no,no,no,no,yes,no,no,no,no,no,yes,yes,no,yes
705,yes,yes,no,no,yes,yes,no,no,yes,yes,yes,no,yes,yes
706,no,no,no,no,no,no,no,no,no,no,no,no,no,no
707,no,yes,no,no,no,no,no,no,no,no,yes,yes,no,no
708,no,no,yes,no,no,no,no,no,yes,yes,yes,yes,no,no
709,no,no,no,no,no,no,no,no,no,no,no,no,no,no
710,no,no,no,no,no,no,no,no,no,no,no,no,no,no
711,no,no,yes,no,no,no,no,no,no,no,yes,yes,yes,yes
712,no,yes,no,no,yes,no,no,yes,no,no,no,yes,no,yes
713,no,no,no,no,no,no,no,no,no,no,no,no,no,no
714,no,no,no,no,yes,no,no,yes,no,no,no,yes,yes,yes
715,no,no,no,no,no,no,no,no,no,no,yes,yes,no,yes
716,no,no,no,no,no,no,no,no,no,no,yes,yes,no,yes
717,no,no,yes,no,no,no,no,no,yes,yes,no,no,no,yes
718,no,no,no,no,no,no,no,no,no,no,yes,yes,yes,yes
719,no,no,no,no,yes,no,no,no,no,no,no,no,yes,yes
720,no,no,no,no,no,no,no,no,no,no,yes,yes,no,yes
721,no,no,no,no,yes,no,no,no,no,no,no,no,no,yes
722,no,no,no,no,no,no,no,no,no,no,yes,yes,no,no
723,no,yes,no,no,no,no,no,no,no,no,yes,yes,no,no
724,no,yes,no,no,no,no,no,no,yes,yes,yes,yes,yes,no
725,no,no,no,no,no,no,no,no,no,no,yes,no,no,yes
726,no,no,no,no,yes,no,no,no,no,yes,yes,yes,yes,yes
727,yes,yes,yes,no,yes,no,yes,no,yes,yes,yes,yes,yes,yes
728,no,yes,no,no,no,no,no,no,yes,yes,yes,no,yes,no
729,no,no,yes,no,no,no,no,no,no,no,no,no,no,no
730,no,no,no,no,no,no,no,no,no,no,yes,yes,no,yes
731,no,no,no,no,no,no,no,no,no,no,yes,no,no,no
732,no,no,yes,no,no,no,no,no,no,no,no,no,no,no
733,no,no,no,no,no,no,no,no,yes,yes,yes,yes,yes,no
734,no,no,no,no,no,no,yes,no,no,yes,yes,no,no,yes
735,no,no,no,no,no,no,no,no,no,no,no,no,no,no
736,no,no,no,no,no,no,no,no,no,yes,yes,yes,yes,no
737,no,no,no,no,no,no,no,no,no,no,yes,yes,no,no
738,no,yes,no,no,no,no,no,no,no,no,yes,yes,yes,no
739,no,no,no,no,no,no,yes,no,no,no,no,yes,yes,no
740,no,no,yes,yes,no,no,yes,no,yes,no,yes,no,yes,yes
741,no,no,yes,yes,no,no,no,no,no,no,yes,yes,no,no
742,no,no,yes,yes,yes,no,yes,no,no,no,yes,yes,no,no
743,yes,no,yes,no,no,no,no,no,yes,yes,yes,yes,no,no
744,no,yes,no,no,no,no,no,no,yes,yes,yes,no,no,no
745,no,no,yes,no,no,no,no,no,no,no,no,no,no,no
746,no,yes,no,no,yes,no,no,no,yes,no,yes,yes,no,yes
747,no,no,no,no,no,no,no,no,no,no,no,no,no,no
748,no,no,no,no,no,no,no,no,no,no,no,no,no,no
749,no,no,no,no,no,no,yes,no,yes,yes,yes,no,no,yes
750,no,no,no,no,no,no,no,no,no,no,no,no,no,no
751,no,no,no,no,no,no,no,no,no,no,yes,yes,no,no
752,no,no,no,no,yes,no,no,yes,no,no,yes,no,no,yes
753,no,no,no,no,no,no,no,no,no,yes,yes,yes,no,no
754,no,yes,yes,no,no,no,no,no,yes,yes,yes,yes,no,no
755,no,no,no,no,no,no,no,no,no,no,no,no,yes,yes
756,no,no,no,no,no,no,no,no,no,no,no,no,no,no
757,no,yes,no,no,no,no,no,no,no,no,yes,yes,no,no
758,yes,no,no,no,no,yes,no,no,no,no,no,no,no,yes
759,no,yes,yes,yes,no,no,yes,no,yes,yes,yes,no,yes,no
760,no,yes,no,no,no,no,no,yes,no,no,yes,no,no,no
761,no,yes,no,no,yes,no,no,yes,yes,yes,no,yes,no,yes
762,no,yes,no,no,yes,yes,no,yes,yes,yes,no,no,yes,yes
763,no,no,no,no,no,no,no,no,no,no,yes,yes,no,no
764,no,no,no,no,no,no,no,no,no,no,no,no,no,no
765,no,no,no,no,no,no,no,no,no,no,no,no,no,no
766,yes,no,yes,yes,no,no,no,no,no,no,yes,no,no,no
767,no,no,yes,yes,yes,no,no,yes,no,no,no,yes,no,yes
768,no,yes,no,no,no,no,no,no,no,no,no,no,no,no
769,no,no,no,no,no,yes,no,no,yes,yes,no,no,yes,no
770,no,yes,no,no,no,no,no,yes,yes,yes,yes,no,no,no
771,no,no,no,no,no,no,no,no,no,no,no,no,no,no
772,no,no,no,no,no,no,no,yes,no,no,no,yes,no,no
773,no,yes,no,no,yes,no,yes,no,yes,no,yes,no,no,no
774,no,no,no,no,no,no,no,no,no,no,no,no,no,no
775,no,no,yes,no,yes,no,no,yes,yes,no,no,yes,no,yes
776,no,no,no,no,no,no,no,no,no,no,no,no,yes,yes
777,no,no,yes,no,no,no,no,no,no,no,no,no,no,no
778,no,yes,no,no,yes,no,no,yes,no,no,no,yes,no,yes
779,no,no,no,no,no,no,no,no,no,no,no,no,no,yes
780,no,yes,no,no,no,no,no,no,no,no,yes,yes,yes,no
781,no,no,no,no,no,no,no,no,yes,yes,no,no,no,yes
782,no,no,no,no,no,no,yes,yes,no,no,no,no,no,no
783,no,no,no,no,no,no,no,no,yes,no,yes,yes,no,no
784,no,yes,yes,no,yes,no,no,yes,no,no,no,yes,no,no
785,no,no,no,no,no,no,no,no,no,no,yes,no,no,no
786,no,no,no,no,no,no,no,no,yes,yes,no,no,no,no
787,no,yes,no,no,yes,no,no,no,yes,yes,no,no,no,no
788,no,yes,no,no,yes,no,no,no,no,no,yes,yes,no,yes
789,no,yes,yes,no,no,no,yes,no,yes,yes,no,yes,no,no
790,no,no,no,no,no,no,no,no,yes,yes,no,no,yes,yes
791,no,no,no,no,no,no,no,no,no,yes,yes,yes,no,no
792,no,no,no,no,no,no,no,no,no,no,yes,yes,no,no
793,no,no,no,no,no,no,no,yes,no,yes,no,yes,no,no
794,no,no,yes,no,no,no,no,no,no,no,yes,yes,no,yes
795,no,no,no,no,yes,no,yes,yes,yes,yes,no,no,no,no
796,no,no,yes,no,no,no,no,no,no,no,yes,yes,no,no
797,no,no,no,no,yes,no,no,no,yes,yes,no,no,yes,yes
798,no,yes,no,no,no,no,no,no,no,no,no,no,no,no
799,no,yes,no,no,no,no,no,no,no,no,yes,yes,yes,yes
800,no,yes,no,no,no,no,yes,yes,no,yes,no,no,no,no
801,no,no,no,no,yes,no,no,no,no,no,no,no,no,no
802,no,no,no,no,no,no,no,no,no,no,no,no,no,yes
803,no,no,no,no,yes,no,no,no,no,no,no,no,yes,yes
804,no,yes,no,no,yes,no,no,yes,no,no,yes,no,no,yes
805,no,no,no,no,no,no,no,no,no,no,yes,yes,no,no
806,no,yes,no,no,no,no,no,yes,no,no,no,yes,no,no
807,no,no,no,no,no,no,no,no,no,no,yes,yes,no,no
808,no,no,no,no,no,no,no,no,no,no,no,no,no,no
809,no,no,no,no,no,no,no,no,no,no,yes,yes,yes,no
810,no,no,no,no,no,no,no,no,no,no,yes,no,no,no
811,no,no,no,no,no,no,yes,no,no,no,no,yes,no,yes
812,no,no,no,no,no,no,no,no,yes,yes,no,no,no,yes
813,no,yes,yes,no,no,no,no,no,no,no,no,no,no,no
814,no,no,no,no,no,no,no,no,yes,yes,yes,yes,no,no
815,no,no,no,no,yes,no,no,no,yes,yes,yes,yes,yes,no
816,no,no,no,no,no,no,no,no,yes,yes,no,no,yes,yes
817,no,no,no,no,no,no,no,no,no,yes,yes,yes,no,yes
818,no,no,yes,no,no,no,no,no,no,no,yes,yes,yes,yes
819,no,no,no,no,yes,no,no,no,no,no,yes,yes,no,yes
820,no,no,no,no,yes,no,no,no,yes,yes,yes,yes,no,yes
821,no,no,no,no,yes,no,no,no,yes,yes,no,no,yes,yes
822,no,no,no,no,no,no,no,no,no,no,yes,no,no,no
823,no,yes,no,no,no,no,no,no,yes,yes,yes,yes,no,yes
824,no,no,yes,no,yes,no,no,no,no,no,yes,no,yes,yes
825,yes,no,yes,yes,no,no,no,no,yes,yes,no,no,no,no
826,no,yes,yes,yes,no,no,no,no,no,no,yes,yes,no,yes
827,no,no,no,no,no,no,no,no,no,no,no,no,no,no
828,no,no,yes,no,yes,no,no,no,no,no,yes,yes,no,no
829,no,no,no,no,no,no,no,no,no,no,yes,no,no,no
830,no,yes,no,no,yes,no,no,yes,no,no,yes,no,yes,yes
831,no,no,no,no,yes,no,yes,yes,no,no,yes,yes,no,yes
832,no,no,no,no,no,no,yes,no,no,no,yes,no,no,no
833,no,no,no,no,yes,no,no,no,no,no,no,no,yes,yes
834,no,no,yes,no,no,no,no,no,no,no,no,no,no,yes
835,no,yes,yes,no,yes,no,no,no,yes,yes,yes,no,no,no
836,no,yes,no,no,no,no,no,no,no,no,yes,yes,no,no
837,no,yes,no,no,no,yes,yes,no,no,no,no,yes,yes,no
838,no,no,no,no,no,no,no,no,yes,yes,yes,yes,yes,yes
839,no,yes,no,no,yes,no,yes,yes,yes,yes,yes,yes,no,no
840,no,no,no,no,yes,no,no,yes,no,no,yes,no,no,yes
841,no,yes,yes,no,yes,no,no,no,no,no,yes,yes,no,yes
842,no,no,no,no,yes,no,no,no,no,no,yes,no,no,no
843,no,yes,no,no,yes,no,no,yes,no,yes,no,yes,yes,yes
844,no,no,no,no,no,no,no,no,no,no,yes,yes,yes,no
845,no,no,yes,no,yes,no,no,no,no,no,yes,yes,no,yes
846,no,yes,yes,no,no,no,no,no,no,no,no,no,no,yes
847,no,no,no,no,no,no,no,no,no,no,no,no,no,no
848,no,yes,yes,no,yes,no,no,no,yes,yes,yes,yes,no,yes
849,no,no,no,no,yes,no,no,no,no,no,no,no,no,no
850,no,yes,yes,no,yes,no,no,no,yes,no,yes,yes,no,no
851,no,no,no,no,yes,no,no,no,no,no,yes,yes,no,yes
852,no,no,no,no,no,no,no,no,no,no,no,no,yes,no
853,no,no,yes,yes,no,no,no,no,yes,no,yes,yes,no,no
854,no,no,no,no,no,no,no,no,yes,yes,yes,yes,no,no
855,no,yes,no,no,no,no,no,no,no,no,no,no,no,no
856,no,no,no,no,yes,no,no,no,no,no,yes,yes,yes,yes
857,no,yes,no,no,no,yes,no,no,yes,yes,no,no,no,yes
858,no,no,yes,yes,yes,no,yes,yes,yes,yes,yes,yes,no,yes
859,no,no,no,no,no,no,no,no,no,no,yes,yes,no,no
860,no,yes,no,no,yes,no,no,yes,yes,yes,no,yes,no,yes
861,no,no,no,no,no,no,no,no,no,yes,yes,yes,no,no
862,no,no,no,no,no,no,no,no,no,no,yes,yes,no,no
863,no,yes,yes,no,no,yes,no,no,yes,yes,yes,yes,no,no
864,no,yes,no,no,yes,no,no,no,no,no,yes,yes,no,yes
865,no,no,no,no,no,no,no,no,no,no,no,no,no,no
866,yes,no,yes,no,no,no,yes,yes,yes,yes,no,yes,no,no
867,no,no,no,no,no,no,no,no,no,no,yes,yes,no,yes
868,no,yes,no,no,yes,no,no,no,yes,yes,no,no,yes,no
869,no,no,no,no,no,no,no,no,no,no,no,no,yes,no
870,no,yes,no,no,no,yes,no,no,no,no,no,no,yes,no
871,no,no,no,no,no,no,no,no,no,no,yes,no,no,yes
872,no,no,no,no,yes,no,no,yes,no,no,no,yes,yes,yes
873,no,yes,no,no,no,no,no,no,no,no,yes,yes,no,yes
874,no,no,no,no,no,no,no,no,no,no,yes,no,yes,yes
875,no,no,no,no,yes,no,no,no,no,no,no,no,no,yes
876,no,no,no,no,yes,no,no,no,no,no,yes,yes,yes,yes
877,no,no,no,no,yes,no,no,no,no,no,yes,no,no,yes
878,no,no,no,no,no,no,yes,no,no,no,yes,no,no,no
879,no,yes,no,no,no,yes,no,no,no,yes,yes,yes,yes,no
880,no,yes,no,no,no,no,no,no,no,no,no,no,yes,yes
881,no,no,no,no,yes,no,no,no,no,no,no,no,no,yes
882,no,no,no,no,no,no,no,no,no,no,yes,no,yes,yes
883,no,no,no,no,no,no,no,no,no,no,no,no,yes,no
884,no,no,no,no,no,no,no,yes,no,no,no,yes,yes,yes
885,no,yes,no,no,yes,no,no,no,no,no,yes,yes,no,no
886,no,no,no,no,no,no,no,no,no,no,yes,yes,yes,no
887,no,yes,no,no,no,no,no,no,no,no,yes,yes,no,no
888,no,no,no,no,no,no,no,no,no,no,yes,yes,no,no
889,no,no,no,no,no,no,no,no,no,no,yes,no,no,yes
890,yes,yes,yes,yes,no,no,no,no,yes,yes,no,no,yes,no
891,no,yes,no,no,no,no,no,no,yes,yes,no,no,no,no
892,no,no,no,no,no,no,no,no,no,no,no,no,no,yes
893,no,no,yes,yes,no,no,yes,yes,no,no,no,no,yes,no
894,no,yes,no,no,no,no,no,no,no,no,yes,yes,no,no
895,no,no,no,no,no,no,no,no,no,no,no,no,yes,no
896,no,no,no,no,yes,no,no,yes,no,no,yes,no,no,yes
897,no,yes,yes,no,no,no,no,no,no,no,no,no,no,yes
898,no,no,no,no,yes,no,no,no,no,no,yes,yes,no,no
899,no,yes,no,no,no,no,no,no,yes,yes,yes,yes,no,yes
900,no,no,no,no,no,no,no,no,no,no,yes,no,yes,no
901,no,no,no,no,no,no,no,no,no,no,yes,yes,no,yes
902,no,no,no,no,no,no,no,no,no,yes,yes,yes,no,no
903,no,no,yes,no,no,no,no,yes,no,no,no,yes,yes,no
904,no,no,yes,no,no,no,no,no,no,no,no,no,no,yes
905,no,yes,no,no,no,no,no,no,no,yes,yes,yes,no,yes
906,no,yes,no,no,no,no,no,no,no,no,yes,yes,no,yes
907,no,yes,yes,yes,no,no,no,no,yes,no,yes,yes,no,yes
908,no,no,no,no,no,no,no,no,yes,yes,yes,yes,no,no
909,no,yes,no,no,no,no,no,no,no,no,yes,yes,no,no
910,no,no,no,no,yes,no,no,no,yes,yes,yes,yes,no,no
911,no,no,yes,yes,no,no,no,yes,no,no,yes,no,yes,no
912,no,no,no,no,no,no,no,no,no,yes,yes,yes,no,yes
913,no,no,yes,yes,yes,no,no,no,yes,yes,no,no,no,no
914,no,yes,no,no,no,no,no,no,no,no,yes,no,no,no
915,no,no,no,no,yes,no,yes,yes,no,no,yes,yes,no,no
916,no,no,no,no,no,no,no,no,no,no,yes,yes,no,no
917,no,no,no,no,no,no,no,no,no,yes,yes,yes,no,no
918,no,yes,no,no,yes,no,no,yes,yes,yes,no,yes,no,no
919,no,yes,no,no,no,no,no,no,no,no,no,no,no,no
920,no,no,no,no,no,no,no,no,no,no,no,no,no,yes
921,no,no,yes,no,yes,no,no,no,no,no,yes,no,no,yes
922,no,no,yes,no,no,no,no,no,yes,yes,no,no,no,no
923,no,no,no,no,no,no,no,no,no,no,no,no,yes,no
924,no,no,no,no,no,no,no,no,yes,yes,no,no,no,yes
925,no,yes,no,no,no,no,no,no,yes,yes,yes,yes,no,no
926,no,yes,no,no,no,no,no,no,yes,yes,yes,no,no,no
927,no,no,no,no,no,no,yes,yes,no,yes,no,no,no,yes
928,no,no,no,no,no,no,yes,no,yes,yes,yes,no,no,no
929,no,yes,yes,yes,no,no,no,yes,no,no,yes,no,no,yes
930,no,no,no,no,yes,no,no,no,no,no,no,no,no,yes
931,no,no,no,no,no,no,no,no,no,no,no,no,no,no
932,no,no,no,no,no,yes,no,no,no,no,no,no,yes,yes
933,no,yes,no,no,yes,no,no,no,yes,yes,yes,yes,no,yes
934,no,no,no,no,no,no,no,no,no,no,yes,yes,no,yes
935,no,no,no,no,no,no,no,yes,no,no,yes,no,no,no
936,no,no,no,no,no,no,no,no,no,no,yes,yes,no,no
937,no,no,no,no,yes,no,no,no,yes,yes,yes,yes,no,no
938,no,no,no,no,no,no,no,no,yes,yes,yes,no,no,no
939,no,no,no,no,no,no,no,no,yes,yes,yes,yes,yes,no
940,no,no,no,no,no,no,no,no,no,no,yes,no,no,no
941,no,no,no,no,no,no,no,no,no,no,no,no,yes,yes
942,no,no,yes,yes,no,no,no,no,no,no,no,no,no,no
943,no,no,no,no,yes,no,no,no,no,no,yes,no,no,yes
944,no,no,no,no,no,no,yes,yes,no,no,yes,yes,no,no
945,no,yes,no,no,yes,no,yes,no,no,no,no,yes,no,yes
946,no,no,yes,yes,yes,no,no,yes,yes,yes,no,no,no,yes
947,no,no,no,no,yes,no,no,no,no,no,no,no,no,yes
948,no,no,no,no,no,no,no,no,yes,yes,yes,yes,yes,yes
949,no,yes,no,no,no,no,no,no,no,no,no,no,no,no
950,no,no,no,no,no,no,no,no,no,no,yes,yes,no,no
951,no,yes,no,no,yes,no,no,no,no,no,yes,yes,yes,yes
952,no,yes,no,no,no,no,no,no,yes,yes,yes,yes,no,no
953,no,no,no,no,no,no,no,no,no,no,yes,no,no,no
954,no,no,no,no,no,no,no,no,no,no,no,no,no,yes
955,no,no,no,no,yes,no,no,no,no,no,yes,no,no,yes
956,no,yes,no,no,no,no,no,no,no,no,no,no,no,no
957,yes,no,no,no,no,no,no,no,no,no,no,no,yes,yes
958,no,no,no,no,no,no,no,no,yes,yes,no,no,yes,no
959,no,no,yes,no,no,no,no,no,yes,yes,no,no,no,no
960,no,no,no,no,no,no,no,no,no,no,yes,yes,yes,no
961,no,no,no,no,no,no,no,no,yes,yes,yes,yes,yes,no
962,no,yes,yes,no,no,no,no,no,no,no,no,no,no,no
963,no,no,yes,yes,no,no,yes,yes,no,no,no,no,no,no
964,no,yes,no,no,no,no,no,no,no,no,no,no,no,no
965,no,no,no,no,no,no,no,no,no,no,no,no,no,no
966,no,no,yes,no,no,no,no,no,no,no,no,no,yes,no
967,yes,no,no,no,no,no,no,no,yes,yes,yes,no,no,yes
968,no,no,no,no,no,no,no,no,no,no,no,no,yes,no
969,no,no,no,no,no,no,no,no,yes,yes,no,no,no,no
970,no,no,no,no,no,no,no,no,no,no,no,no,no,no
971,no,no,no,no,no,no,no,no,no,no,no,no,no,no
972,no,no,no,no,no,no,no,no,no,no,yes,no,no,yes
973,no,no,no,no,no,no,no,no,no,no,no,no,no,yes
974,no,no,no,no,no,no,no,no,no,no,yes,yes,no,no
975,no,no,no,no,no,no,no,yes,no,yes,no,yes,no,yes
976,no,yes,no,no,no,no,no,no,no,no,yes,yes,no,no
977,no,no,yes,yes,no,no,no,no,yes,yes,no,no,no,yes
978,no,no,no,no,no,no,no,no,no,no,yes,yes,no,no
979,no,no,no,no,no,no,no,yes,yes,no,no,yes,no,no
980,no,no,no,no,no,no,no,no,no,no,no,no,yes,no
981,no,no,yes,no,no,no,yes,no,yes,yes,no,yes,no,no
982,no,no,no,no,no,no,no,no,no,no,no,no,yes,no
983,no,no,yes,yes,no,no,yes,yes,no,no,no,no,no,no
984,no,no,yes,yes,no,no,no,no,no,no,no,no,no,no
985,no,yes,no,no,no,no,no,yes,no,no,no,yes,no,no
986,no,no,no,no,yes,no,no,no,no,no,no,no,no,yes
987,yes,yes,no,no,yes,no,no,no,yes,no,yes,yes,no,no
988,no,no,yes,no,no,no,no,yes,yes,yes,yes,no,yes,no
989,no,no,no,no,no,no,no,no,no,no,yes,yes,no,no
990,no,no,no,no,no,no,no,no,yes,yes,yes,yes,no,no
991,yes,no,yes,no,no,no,no,no,yes,yes,no,no,no,yes
992,no,no,no,no,no,no,no,no,no,no,no,no,yes,yes
993,no,no,no,no,no,no,no,no,no,no,no,no,yes,no
994,no,no,no,no,yes,no,no,yes,yes,yes,yes,no,no,yes
995,no,yes,no,no,no,no,no,no,yes,yes,yes,yes,no,no
996,no,no,no,no,no,no,no,no,no,no,no,no,no,no
997,no,no,no,no,no,no,no,no,no,no,yes,yes,no,no
998,no,yes,yes,yes,yes,no,no,yes,no,no,yes,no,yes,yes
999,yes,yes,no,no,yes,no,no,no,yes,yes,no,no,yes,yes
1000,no,no,no,no,yes,no,yes,yes,no,yes,no,no,no,yes
